<?xml version="1.0" encoding="utf-8"?>
<template>
  <author>MODX CMF</author>
  <version>1.0</version>
  <copyright>2011-present MODX, LLC</copyright>
  <transformations>
    <transformation query="copy" writer="FileIo" source="ajax_search.php" artifact="ajax_search.php"/>
    <transformation query="copy" writer="FileIo" source="js" artifact="js"/>
    <transformation query="copy" writer="FileIo" source="images" artifact="images"/>
    <transformation query="copy" writer="FileIo" source="themes/default/css" artifact="css"/>
    <transformation query="copy" writer="FileIo" source="themes/default/images" artifact="images"/>
    <transformation query="" writer="Search" source="" artifact="."/>
    <transformation query="" writer="xsl" source="themes/default/index.xsl" artifact="index.html"/>
    <transformation query="" writer="xsl" source="themes/default/content.xsl" artifact="content.html"/>
    <transformation query="" writer="xsl" source="themes/default/sidebar.xsl" artifact="nav.html"/>
    <transformation query="" writer="xsl" source="themes/default/graph_class.xsl" artifact="graph.html"/>
    <transformation query="/project/file/@path" writer="xsl" source="themes/default/api-doc.xsl" artifact="{$path}"/>
    <transformation query="" writer="xsl" source="themes/default/markers.xsl" artifact="markers.html"/>
    <transformation query="" writer="Graph" source="Class" artifact="classes.svg" />

    <transformation query="copy" writer="FileIo" source="themes/cache/modx/css" artifact="css"/>
    <transformation query="copy" writer="FileIo" source="themes/cache/modx/images" artifact="images"/>
    <transformation query="copy" writer="FileIo" source="themes/cache/modx/js" artifact="js"/>

    <transformation query="" writer="xsl" source="themes/cache/modx/index.xsl" artifact="index.html"/>
    <transformation query="" writer="xsl" source="themes/cache/modx/sidebar.xsl" artifact="nav.html"/>

  </transformations>
</template>
